gene,motif
A1CF,ATAATTA
A1CF,TTAATTG
A1CF,TTAATTA
A1CF,ATAATTG
A1CF,TGATCAGTATA
ACO1,CAGTGT
ACO1,CAGTGC
ACO1,CAGTGG
ACO1,CAGTGA
ADAR,GCGCG
ADAR,GCGC
AGO1,ACTCT
AGO1,TGAGGTAGTA
AGO2,AAAAAAAAA
AGO2,TAAAGTGCTT
AKAP1,ATATATAT
ANKHD1,AGACGAT
ANKHD1,AGACGTT
ANKHD1,AGACGAA
ANKHD1,AGACGTA
CELF1,TGTTTGT
CELF1,TGTGT
CELF1,TGTT
CELF1,TGTGTGT
CELF1,TGTGTGTGTGT
CELF1,TGTGTTGTGTGT
CELF1,TGTGTG
CELF1,TGTGTGTGT
CELF1,TGTTT
CELF1,TGTGTGTG
CELF1,CTGTCTG
CELF1,TTGTG
CELF1,TTGTT
CELF1,TGTGTGTGTG
CELF2,TGTGTG
CELF2,TGTTT
CELF2,ATGTG
CELF2,TATGTT
CELF2,TATGT
CELF2,ATGTT
CELF2,TTGTT
CELF2,GTTGTT
CELF2,TTGTGT
CELF2,ATGTGT
CELF2,GTTGT
CELF2,TGTGT
CELF2,CATCG
CELF2,GTATGT
CELF2,GTCTGT
CELF2,GTGTG
CELF2,TGTTC
CELF2,CGTGT
CELF2,TGTT
CELF2,GTGTGT
CELF2,TGTTG
CELF2,TGTTGT
CELF2,TATGTG
CELF4,TGTGTGT
CELF4,GGTGTTG
CELF4,GGTGTTT
CELF4,GGTGTGT
CELF4,TGTGTTT
CELF4,GGTGTGG
CELF4,TGTGTTG
CELF4,TGTGTGG
CELF5,TGTGTGG
CELF5,TGTGTTG
CELF5,TGTGTTT
CELF5,TGTGTGT
CELF6,TGTGATG
CELF6,TGTGTTG
CELF6,TGTGGGG
CELF6,TGTGGTG
CELF6,TGTGAGG
CELF6,TGTGTGG
CMTR1,GATC
CNOT4,GACAGA
CPEB1,TTTTA
CPEB2,CATTTTT
CPEB2,CTTTTTT
CPEB2,CCTTTTT
CPEB4,CTTTA
CPEB4,TTTTTT
CSTF2,GTGTGTGTTTTG
CSTF2,GTGTGTGTTTG
CSTF2,TGTGTGTT
CSTF2,GTGTGTGTTG
DAZAP1,TAGGTAG
DAZAP1,TAGGAAA
DAZAP1,TAGGTTG
DAZAP1,AGATAT
DAZAP1,TAGGATA
DAZAP1,TAGTTTG
DAZAP1,TAGTTAG
DAZAP1,AGTAGG
DAZAP1,TTTTTTT
DAZAP1,AATTTA
DAZAP1,AAAAAAA
DAZAP1,TAGTATG
DAZAP1,TAGGTAA
DAZAP1,TAGTAAA
DAZAP1,TAGGATG
DAZAP1,TAGTTAA
DAZAP1,GTAACG
DAZAP1,TAGTAAG
DAZAP1,TAGGTTA
DAZAP1,TAGTATA
DAZAP1,GGGGGGG
DAZAP1,TAGTTTA
DAZAP1,TAGGAAG
DDX19B,TTTTTTT
DDX19B,TTTTTT
DDX58,GCGCGC
DDX58,CGTCG
DDX58,GGCG
DHX58,GCGCG
DHX9,GCGC
DHX9,GCGCG
DHX9,CGCG
EIF4A3,TTTTTT
EIF4B,CTCGGAA
EIF4B,GTTGGAC
EIF4B,CTTGGAC
EIF4B,GTCGGAA
EIF4B,CTCGGAC
EIF4B,CTTGGAA
EIF4B,GTCGGAC
EIF4B,GTTGGAA
ELAVL1,ATTT
ELAVL1,TTATTTT
ELAVL1,TTTATTT
ELAVL1,ATTTATTTATTT
ELAVL1,TTTT
ELAVL1,TTGGTTT
ELAVL1,TTTGTTT
ELAVL1,TTTTTTT
ELAVL1,CCCCCCC
ELAVL1,TTATTTATT
ELAVL1,TTGATTT
ELAVL1,TTTTTTG
ELAVL1,TTAGTTT
ELAVL1,TTGTTTT
ELAVL1,TTTATTTATTT
ELAVL1,ATTTT
ELAVL1,TTTAGTT
ELAVL1,TTTGGTT
ELAVL1,TTTATTTATTTA
ELAVL1,ATTTA
ELAVL1,TTTTT
ELAVL2,CTTTCTTTT
ELAVL2,GATTTATTTTG
ELAVL2,GATTTATTTAG
ELAVL2,GTTTTATTTTG
ELAVL2,ATTTA
ELAVL2,CTTTTA
ELAVL2,ATTTATATA
ELAVL2,AATTTATTTTG
ELAVL2,TTTTATGTT
ELAVL2,TTGTATTGT
ELAVL2,ATTTTATTTTG
ELAVL2,TTTCATTTT
ELAVL2,GATTTATTTAA
ELAVL2,CTTTTTG
ELAVL2,TTTTATTTA
ELAVL2,CTTTC
ELAVL2,TTTTATTGA
ELAVL2,ATTTTATTTAA
ELAVL2,ATTTTTC
ELAVL2,GTTTTATTTTA
ELAVL2,ATTTTTTTA
ELAVL2,ATTTATTTT
ELAVL2,AATTTATTTAA
ELAVL2,TCTTATATT
ELAVL2,TTTTTTATTTT
ELAVL2,GTTTTATTTAG
ELAVL2,TTTGATTTT
ELAVL2,TTTAATTTT
ELAVL2,TTTTATTGT
ELAVL2,CTTTTTA
ELAVL2,CTTTAATTT
ELAVL2,TTTTAGTTA
ELAVL2,TTTAATTTG
ELAVL2,ATTTC
ELAVL2,ATTTTATTTAG
ELAVL2,ATTTTC
ELAVL2,TTATATTTT
ELAVL2,ATTTTATTTTA
ELAVL2,CTTTTT
ELAVL2,TTTTATTTG
ELAVL2,TTTTAAGTT
ELAVL2,GATTTATTTTA
ELAVL2,TTTTAATTT
ELAVL2,ATTTACTTT
ELAVL2,TTATACTTT
ELAVL2,ATTTG
ELAVL2,CTTTA
ELAVL2,GTTTTTA
ELAVL2,GTTTC
ELAVL2,AATTTATTTTA
ELAVL2,TTTTATTTT
ELAVL2,ATTTTTA
ELAVL2,GTTTA
ELAVL2,ATTTATACT
ELAVL2,GTTTTC
ELAVL2,AATTTATTTAG
ELAVL2,TATTATTTT
ELAVL2,GTTTTATTTAA
ELAVL2,GAAA
ELAVL3,TATTTATTTT
ELAVL3,ATTTA
ELAVL3,TTTTTTT
ELAVL3,ATTTATTTTA
ELAVL4,TTTGTATCTAAT
ELAVL4,TATTTATTTA
ELAVL4,TTTTTTATTTT
ELAVL4,TTATTTATTT
ELAVL4,ATTTATTTATTT
ELAVL4,TTTATTTATTT
ELAVL4,ATTT
ELAVL4,TTTATTTATTTA
ELAVL4,AAAAAAA
ELAVL4,TTTTTTT
ENOX1,TAGACAG
ENOX1,CGGACAG
ENOX1,AATACAG
ENOX1,TGGACAG
ENOX1,TGTACAG
ENOX1,AGTACAG
ENOX1,AGGACAG
ENOX1,CATACAG
ENOX1,TATACAG
ENOX1,CGTACAG
ENOX1,CAGACAG
ENOX1,AAGACAG
ERI1,AGCC
ERI1,TTTCAGA
ESRP1,AGGGAT
ESRP2,TGGGGAG
ESRP2,TGGGGAT
ESRP2,TGGGAAG
ESRP2,TGGGGAA
ESRP2,TGGGAAT
ESRP2,TGGGAAA
F2,GAAG
FMR1,GGGCTAAGGAGG
FMR1,GGGCTATGGAGT
FMR1,TAGCGACTGG
FMR1,GGGCTAAGGAAG
FMR1,GGGCTAAGGATT
FMR1,GGGCTAAGGAGT
FMR1,GAGCGACTGG
FMR1,TGACAAG
FMR1,GGACTAAGGAGT
FMR1,GGGCGAAGGGAG
FMR1,TAGCAGCTGG
FMR1,GGGCTAAGGAAT
FMR1,GGGCATAGGCAC
FMR1,TAGCGGCTGG
FMR1,TAGTGGCTGG
FMR1,GGGCGAAGGAAG
FMR1,GGACAAG
FMR1,GGGCGAAGGAGG
FMR1,GTGCGGCTGGGC
FMR1,GGGCGAAGGAAT
FMR1,GGGGGGG
FMR1,GTGCGACTGGGC
FMR1,GCTGC
FMR1,GAGCGACTGGTG
FMR1,AAAAAAA
FMR1,GGGCTGAGGATG
FMR1,GGACAGG
FMR1,GAGCGAAGGGAG
FMR1,GAGCGGCTGG
FMR1,AAGCGGCTGG
FMR1,TTTTTTT
FMR1,TGACAGG
FMR1,GGGCGAAGGAGT
FUS,TGGTGA
FUS,TTTTTTT
FUS,GGGTGG
FUS,CGGTGA
FUS,GGGTGT
FUS,GGTG
FUS,GGGTGC
FUS,CGGTGG
FUS,TGGTGG
FUS,GGGGGGG
FUS,TGGTGT
FUS,GGGTGA
FUS,AAAAAAA
FXR1,ACGACG
FXR1,ATGACA
FXR1,ACGACA
FXR1,ATGACG
FXR2,GGACAAA
FXR2,AGACAGG
FXR2,GGACGAA
FXR2,AGACGAG
FXR2,GGACAGA
FXR2,TGACGGG
FXR2,GGACGGA
FXR2,GGACGAG
FXR2,AGACAAA
FXR2,TGACAGG
FXR2,GGACAAG
FXR2,TGACAAG
FXR2,AGACGGA
FXR2,TGACGAG
FXR2,AGACAAG
FXR2,TGACGGA
FXR2,AGACAGA
FXR2,TGACAGA
FXR2,GGACGGG
FXR2,GGACAGG
FXR2,AGACGAA
FXR2,AGACGGG
FXR2,TGACGAA
FXR2,TGACAAA
G3BP1,ACCCCTAGGCAC
G3BP1,ACCCACAGGCCG
G3BP1,ACCCATCGGCAG
G3BP1,ACCCATACGCCG
G3BP1,ACCCACACGCCC
G3BP1,ACCCATAGGCAC
G3BP1,ACCCACAGGCAC
G3BP1,ACCCCTAGGCCG
G3BP1,ACCCCTCCGCAG
G3BP1,ACCCCCACGCCC
G3BP1,ACCCATACGCCC
G3BP1,ACCCATAGGCAG
G3BP1,ACCCCTAGGCCC
G3BP1,ACCCACCGGCCC
G3BP1,ACCCACCCGCAG
G3BP1,ACCCCTACGCCC
G3BP1,ACCCCCCCGCAC
G3BP1,ACCCCCACGCCG
G3BP1,ACCCACACGCAG
G3BP1,ACCCACCGGCCG
G3BP1,ACCCACCCGCAC
G3BP1,ACCCCCCGGCAG
G3BP1,ACCCCTACGCCG
G3BP1,ACCCCCCCGCAG
G3BP1,ACCCATCCGCAG
G3BP1,ACCCCCAGGCAC
G3BP1,ACCCACCCGCCG
G3BP1,ACCCCTACGCAC
G3BP1,ACCCACCGGCAC
G3BP1,ACCCCCAGGCCG
G3BP1,ACCCCCCCGCCC
G3BP1,ACCCACACGCAC
G3BP1,ACCCCCCGGCAC
G3BP1,ACCCACAGGCAG
G3BP1,ACCCATCCGCAC
G3BP1,ACCCCCACGCAC
G3BP1,ACCCATCGGCCC
G3BP1,ACCCACACGCCG
G3BP1,ACCCACCCGCCC
G3BP1,ACCCCTACGCAG
G3BP1,ACCCCTCGGCCG
G3BP1,ACCCACCGGCAG
G3BP1,ACCCCTCCGCCC
G3BP1,ACCCCCAGGCCC
G3BP1,ACCCCCCCGCCG
G3BP1,ACCCATCCGCCG
G3BP1,ACCCCCCGGCCG
G3BP1,ACCCATAGGCCC
G3BP1,ACCCATCGGCCG
G3BP1,ACCCATACGCAG
G3BP1,ACCCCTAGGCAG
G3BP1,ACCCCTCGGCAC
G3BP1,ACCCACAGGCCC
G3BP1,ACCCCTCGGCCC
G3BP1,ACCCCTCCGCCG
G3BP1,ACCCATCGGCAC
G3BP1,ACCCATCCGCCC
G3BP1,ACCCCCAGGCAG
G3BP1,ACCCCCACGCAG
G3BP1,ACCCCCCGGCCC
G3BP1,ACCCCTCGGCAG
G3BP1,ACCCCTCCGCAC
G3BP1,ACCCATAGGCCG
G3BP1,ACCCATACGCAC
G3BP2,AGGATTA
G3BP2,AGGATAG
G3BP2,AGGATGA
G3BP2,AGGATGG
G3BP2,AGGATTG
G3BP2,AGGATAA
GRSF1,TGGGT
GRSF1,AGGGG
GRSF1,AGGGT
GRSF1,TGGGA
GRSF1,GGGGG
GRSF1,AGGGA
GRSF1,GGGGT
GRSF1,GGGGA
GRSF1,TGGGG
HNRNPA0,AATTTA
HNRNPA0,AGTAGG
HNRNPA0,AGATAT
HNRNPA0,ATTTA
HNRNPA1,CTGAG
HNRNPA1,TAGGAT
HNRNPA1,GAGGAG
HNRNPA1,TAGGCT
HNRNPA1,GAGTGGTGCG
HNRNPA1,GTAGGGT
HNRNPA1,ATAGGGT
HNRNPA1,TTAGGGA
HNRNPA1,CCCCCCC
HNRNPA1,TAGACA
HNRNPA1,TAGGTA
HNRNPA1,TAGAGT
HNRNPA1,TAGGGA
HNRNPA1,AAGGTG
HNRNPA1,TAGGGACTTA
HNRNPA1,CTAGACTAGA
HNRNPA1,TTAGGGT
HNRNPA1,TTAGATTAGA
HNRNPA1,CAGGGA
HNRNPA1,GCCAAGGAGCC
HNRNPA1,ATAGCA
HNRNPA1,AGATAT
HNRNPA1,TAGTGA
HNRNPA1,ATTTATTT
HNRNPA1,TAGGA
HNRNPA1,CGTAGGTC
HNRNPA1,TTTATA
HNRNPA1,GAGGAAG
HNRNPA1,AATTTA
HNRNPA1,TAGGCA
HNRNPA1,GGAGGA
HNRNPA1,TAGGAA
HNRNPA1,GTTTAGA
HNRNPA1,TAGTTAG
HNRNPA1,TTAG
HNRNPA1,TTTTTTT
HNRNPA1,GAGGAAGGTG
HNRNPA1,AGTAGG
HNRNPA1,TTAGGGTTAGGG
HNRNPA1,GTAGGGA
HNRNPA1,AAAAAAA
HNRNPA1,TAGTGAA
HNRNPA1,ATTTAA
HNRNPA1,TAGAGA
HNRNPA1,ATAGAA
HNRNPA1,TAGGGCAGGC
HNRNPA1,TAGG
HNRNPA1,ATAGGGA
HNRNPA1,CAAAGAGGAA
HNRNPA1,ATTTA
HNRNPA1,TAGGGT
HNRNPA1,TAGGGC
HNRNPA1L2,TTAGGGA
HNRNPA1L2,GTAGGGA
HNRNPA1L2,ATAGGGA
HNRNPA1L2,TTAGGGT
HNRNPA1L2,ATAGGGT
HNRNPA1L2,GTAGGGT
HNRNPA2B1,ATAGGGA
HNRNPA2B1,GCCAAGGAACC
HNRNPA2B1,GCCAAGAAGCC
HNRNPA2B1,TTTATA
HNRNPA2B1,AGATAT
HNRNPA2B1,ATTTAA
HNRNPA2B1,AATTTA
HNRNPA2B1,TAGACA
HNRNPA2B1,GTAGGGA
HNRNPA2B1,GCCAAGGGGCC
HNRNPA2B1,CTAGACTAGA
HNRNPA2B1,GCGAAGGAGCC
HNRNPA2B1,GCCAAGGAGCC
HNRNPA2B1,TTAGGGA
HNRNPA2B1,AGTAGG
HNRNPA2B1,ATAGGGT
HNRNPA2B1,TTAGGGT
HNRNPA2B1,ATAGCA
HNRNPA2B1,GTAGGGT
HNRNPA3,GCCAAGGAGCC
HNRNPAB,ACAAAGACAAA
HNRNPAB,ATAGCA
HNRNPC,ATTTTTG
HNRNPC,GGATAC
HNRNPC,CTTTTTG
HNRNPC,TTTTTC
HNRNPC,GGGGGGG
HNRNPC,ATTTA
HNRNPC,TTTTTG
HNRNPC,CTTTTTT
HNRNPC,TTTTTT
HNRNPC,TTTTTTT
HNRNPC,TTTTTA
HNRNPC,ATTTTTT
HNRNPC,TTTTT
HNRNPC,TTTTTTG
HNRNPCL1,TTTTTTT
HNRNPCL1,CTTTTTG
HNRNPCL1,TTTTTTG
HNRNPCL1,CTTTTTT
HNRNPCL1,ATTTTTT
HNRNPCL1,ATTTTTG
HNRNPD,ATTTATTTA
HNRNPD,TTAGGA
HNRNPD,AGATAT
HNRNPD,ATTTA
HNRNPD,TTAGAG
HNRNPD,AATTTA
HNRNPD,AAAAAAA
HNRNPD,AGTAGG
HNRNPD,TTAGGG
HNRNPDL,CCTTTAGGC
HNRNPDL,GACTAGCG
HNRNPDL,ACACCAGAC
HNRNPDL,GCGAGCA
HNRNPDL,ACTAGCC
HNRNPDL,ACTAGCT
HNRNPDL,ACTAAGTA
HNRNPDL,ACTGCA
HNRNPDL,GCACTAGAT
HNRNPDL,AGTAGCC
HNRNPDL,ACTAACT
HNRNPDL,ACCACGCA
HNRNPDL,ACATTAGCC
HNRNPDL,ACTAGCG
HNRNPDL,AATTTA
HNRNPDL,GAACTAAGC
HNRNPDL,ATCTGAC
HNRNPDL,GCACTAGGC
HNRNPDL,ATTAGGCA
HNRNPDL,AGATAT
HNRNPDL,GCTAGTA
HNRNPDL,GGACTAGCC
HNRNPDL,TGTCGC
HNRNPDL,GACTAGCA
HNRNPDL,GGACTAGCT
HNRNPDL,ATGCGCA
HNRNPDL,AGTAGG
HNRNPDL,GGAGTAGCC
HNRNPDL,ACTTTAA
HNRNPDL,AACCTTGCC
HNRNPDL,GGATTAGCC
HNRNPDL,ACTAGGA
HNRNPDL,GGAGTAGCT
HNRNPDL,ACTAACAGCA
HNRNPDL,ACTAGAG
HNRNPDL,AATACCA
HNRNPF,GGGGG
HNRNPF,CGGGA
HNRNPF,GGGAATGTGGG
HNRNPF,GGGGC
HNRNPF,CGGGATGGGGTA
HNRNPF,CGGGGGGGGC
HNRNPF,TGGGG
HNRNPF,GGGGT
HNRNPF,AGGGGAGGGG
HNRNPF,TGGGT
HNRNPF,AGGGAAGGGA
HNRNPF,GGAGGA
HNRNPF,TGGGC
HNRNPF,GGGGGGG
HNRNPF,TGGGGT
HNRNPF,AGGGC
HNRNPF,AAGGTG
HNRNPF,AGGGAT
HNRNPF,AGGGG
HNRNPF,GAGGAAGGTG
HNRNPF,CGGGC
HNRNPF,GGGGGCTG
HNRNPF,GGGGA
HNRNPF,CTGGGGT
HNRNPF,TGGGA
HNRNPF,AGGGT
HNRNPF,CGATGGGAA
HNRNPF,AGGGA
HNRNPH1,CAGGAC
HNRNPH1,AGAGG
HNRNPH1,CGGGGGGGGC
HNRNPH1,CGGGA
HNRNPH1,ATTGGGTGT
HNRNPH1,TGGGT
HNRNPH1,GGGGG
HNRNPH1,AGGGA
HNRNPH1,TGGGA
HNRNPH1,AGGGAAGGGA
HNRNPH1,AGGGGAGGGG
HNRNPH1,GGGA
HNRNPH1,CTGGGGGCTG
HNRNPH1,AGGAG
HNRNPH1,AAGAA
HNRNPH1,GGGGGCTG
HNRNPH1,GGGGT
HNRNPH1,AGAGA
HNRNPH1,AAGGTG
HNRNPH1,CGGGC
HNRNPH1,GGGG
HNRNPH1,GGGGA
HNRNPH1,GAGGAAGGTG
HNRNPH1,GGGAATGTGGG
HNRNPH1,AGGGG
HNRNPH1,GGAGGA
HNRNPH1,AGGGT
HNRNPH1,AGGGC
HNRNPH1,TGGGC
HNRNPH1,GGGGGGG
HNRNPH1,TGTGGG
HNRNPH1,GGGTCGAGGGG
HNRNPH1,TGGGGT
HNRNPH1,GGGGC
HNRNPH1,TGGGG
HNRNPH2,ATTGGGTGT
HNRNPH2,TGGGA
HNRNPH2,TGTGGG
HNRNPH2,GGGGGA
HNRNPH2,AGAGG
HNRNPH2,GGGTCGAGGGG
HNRNPH2,CGGGA
HNRNPH2,TGGGGT
HNRNPH2,AGGGC
HNRNPH2,AAGAA
HNRNPH2,GGGAGGG
HNRNPH2,CGGGGGGGGC
HNRNPH2,GGGGGCTG
HNRNPH2,CAGGAC
HNRNPH2,AAGGTG
HNRNPH2,TGGGT
HNRNPH2,AGGGGAGGGG
HNRNPH2,GGGGC
HNRNPH2,AGGGAAGGGA
HNRNPH2,GGAGGA
HNRNPH2,CTGGGGGCTG
HNRNPH2,TGGGC
HNRNPH2,GGGGG
HNRNPH2,AGAGA
HNRNPH2,AGGGG
HNRNPH2,GGGGGGG
HNRNPH2,CGGGC
HNRNPH2,GGGGA
HNRNPH2,GGGGT
HNRNPH2,AGGGA
HNRNPH2,TGGGG
HNRNPH2,AGGGT
HNRNPH2,AGGAG
HNRNPH2,GGGAATGTGGG
HNRNPH3,TGGGG
HNRNPH3,AGGGAAGGGA
HNRNPH3,TGGGT
HNRNPH3,GGGGA
HNRNPH3,GGGGGCTG
HNRNPH3,AGGGG
HNRNPH3,AAGGTG
HNRNPH3,GGGGT
HNRNPH3,AGGGT
HNRNPH3,AGGGC
HNRNPH3,GGGGGGG
HNRNPH3,ATTGGGTGT
HNRNPH3,CGGGA
HNRNPH3,GGGAATGTGGG
HNRNPH3,CGGGGGGGGC
HNRNPH3,GGGTCGAGGGG
HNRNPH3,GGGGG
HNRNPH3,AGGGA
HNRNPH3,AGGGGAGGGG
HNRNPH3,TGTGGG
HNRNPH3,CGGGC
HNRNPH3,TGGGA
HNRNPH3,GGAGGA
HNRNPH3,TGGGC
HNRNPK,TCCCCTA
HNRNPK,GCCCAG
HNRNPK,CCATCCC
HNRNPK,TCCCCCCAA
HNRNPK,TCCCAC
HNRNPK,TCCCCAA
HNRNPK,ACCCAT
HNRNPK,TCCCCTT
HNRNPK,GGGGGGG
HNRNPK,GCCCAC
HNRNPK,ACCCTT
HNRNPK,ACCCCCAC
HNRNPK,ACCCGA
HNRNPK,CCATACC
HNRNPK,TCCCTA
HNRNPK,GCCCCCCTA
HNRNPK,ACCCCAA
HNRNPK,CCAAACC
HNRNPK,CCCCCCC
HNRNPK,GCCCCTA
HNRNPK,TCCCAA
HNRNPK,TCCCCCAT
HNRNPK,ACCCCCAA
HNRNPK,TCCCCAT
HNRNPK,ACCCAA
HNRNPK,ACCCGC
HNRNPK,TCCCAT
HNRNPK,TTTTTTT
HNRNPK,AAAAAAA
HNRNPK,GCCCAA
HNRNPK,TCCCCCAA
HNRNPK,ACCCGT
HNRNPK,TCCCTT
HNRNPK,CCAACCC
HNRNPK,ACCCCCCCCCTA
HNRNPK,TCCCGA
HNRNPL,GCAC
HNRNPL,ACACACA
HNRNPL,CACC
HNRNPL,AACA
HNRNPL,ACACGAA
HNRNPL,ACAC
HNRNPL,ACACAAC
HNRNPL,ACATAAA
HNRNPL,AAATAAA
HNRNPL,ACACGAG
HNRNPL,CACACCACA
HNRNPL,AAATACA
HNRNPL,ACACAAG
HNRNPL,CACG
HNRNPL,CACA
HNRNPL,AAACACA
HNRNPL,ACACGAC
HNRNPL,ACACAAA
HNRNPL,TACA
HNRNPL,ACAA
HNRNPL,AAACAAA
HNRNPL,CCAC
HNRNPL,ACAT
HNRNPL,ACATACA
HNRNPLL,CACACCACA
HNRNPLL,ACATACA
HNRNPLL,ACAAACA
HNRNPLL,ACACACA
HNRNPLL,GCAAACA
HNRNPLL,CACCGCA
HNRNPLL,CACTGCA
HNRNPLL,GCACACA
HNRNPLL,GCATACA
HNRNPM,GAAGGAA
HNRNPM,GGGGGGG
HNRNPU,GGGGGGG
HNRNPU,AAAAAAA
HNRNPU,CCCCCCC
HNRNPU,TTTTTTT
IFIH1,GGGCCGCGGAT
IFIH1,GGCCCT
IFIH1,TCCG
IGF2BP1,AAGCACCCGTT
IGF2BP2,CCACTCA
IGF2BP2,ACATTCA
IGF2BP2,ACAAACA
IGF2BP2,AAAAACA
IGF2BP2,ACACTCA
IGF2BP2,GAACTCA
IGF2BP2,CAACACA
IGF2BP2,GAACACA
IGF2BP2,GCAATCA
IGF2BP2,GCACACA
IGF2BP2,GCACTCA
IGF2BP2,GAATTCA
IGF2BP2,GCATACA
IGF2BP2,ACACACA
IGF2BP2,ACAATCA
IGF2BP2,AAAATCA
IGF2BP2,CCAAACA
IGF2BP2,CCACACA
IGF2BP2,AAACTCA
IGF2BP2,GCATTCA
IGF2BP2,AAATTCA
IGF2BP2,GCAAACA
IGF2BP2,CCATTCA
IGF2BP2,ACATACA
IGF2BP2,GAATACA
IGF2BP2,CCAATCA
IGF2BP2,CAATTCA
IGF2BP2,CCATACA
IGF2BP2,CAACTCA
IGF2BP2,AAACACA
IGF2BP2,CAAAACA
IGF2BP2,AAATACA
IGF2BP2,CAAATCA
IGF2BP2,GAAATCA
IGF2BP2,CAATACA
IGF2BP2,GAAAACA
IGF2BP3,AAATACA
IGF2BP3,AAACTCA
IGF2BP3,AAACACA
IGF2BP3,ACACTCA
IGF2BP3,ACACACA
IGF2BP3,AAAAACA
IGF2BP3,ACAATCA
IGF2BP3,AAAATCA
IGF2BP3,AAATTCA
IGF2BP3,ACATTCA
IGF2BP3,ACATACA
IGF2BP3,CATT
IGF2BP3,ACAAACA
IGHMBP2,AAAAAAAA
IGHMBP2,AAAAAAA
KHDRBS1,TTAAAT
KHDRBS1,CTAAAA
KHDRBS1,ATAAAAA
KHDRBS1,ATTTAA
KHDRBS1,CAAAAT
KHDRBS1,ATAAAA
KHDRBS1,TTAAAA
KHDRBS1,ATAAAAC
KHDRBS1,CTAAAT
KHDRBS1,TTTTAC
KHDRBS1,TTTTTTT
KHDRBS1,GAAAAC
KHDRBS1,ATAAAAG
KHDRBS1,TTTTTT
KHDRBS1,TTTTA
KHDRBS1,ATTTAC
KHDRBS2,GATAAAC
KHDRBS2,AATAAAA
KHDRBS2,TTTTTTT
KHDRBS2,AATAAAC
KHDRBS2,GATAAAA
KHDRBS3,TAAATAA
KHDRBS3,AGATAAA
KHDRBS3,TTTTTTT
KHDRBS3,ATAAAA
KHDRBS3,ATTAAAC
KHDRBS3,ATAAAC
KHDRBS3,AAATAAA
KHDRBS3,ATAAAG
KHDRBS3,ATAAAAC
KHSRP,CGGCCTCC
KHSRP,TATATTTT
KHSRP,TGCATG
KHSRP,CACCCTCC
KHSRP,CTGTATGT
KHSRP,CCGCCTCC
KHSRP,TATTTA
KHSRP,TTGGG
KHSRP,TTGTATGT
KHSRP,CTGTGTAT
KHSRP,TTTATTTT
KHSRP,GTGTATAT
KHSRP,GTGTGTAT
KHSRP,ATTTTA
KHSRP,TTGTATAT
KHSRP,TAGTAT
KHSRP,ATGTATGT
KHSRP,TATTTATT
KHSRP,CCCCCTCC
KHSRP,TTTAG
KHSRP,CGGCTTCC
KHSRP,TAGGTT
KHSRP,TTGTGTAT
KHSRP,CACCTTCC
KHSRP,CGCCTTCC
KHSRP,GTGTATGT
KHSRP,TATTTATTATTT
KHSRP,ATGTATAT
KHSRP,CTGTATAT
KHSRP,CTCCTTCC
KHSRP,TTTATTTA
KHSRP,CCGCTTCC
KHSRP,AGGG
KHSRP,TGGGT
KHSRP,CTGTGTGT
KHSRP,TAGGTA
KHSRP,CTCCCTCC
KHSRP,ATGTGTAT
KHSRP,TAGGG
KHSRP,CTGCTTCC
KHSRP,TATTAT
KHSRP,CCCCTTCC
KHSRP,TTAG
KHSRP,ATGTGTGT
KHSRP,GTGTGTGT
KHSRP,TATATTTA
KHSRP,CAGCCTCC
KHSRP,TTGTGTGT
KHSRP,TATTTATA
KHSRP,CGCCCTCC
KHSRP,CTGCCTCC
KHSRP,GGGT
KHSRP,TGGG
KHSRP,CAGCTTCC
LIN28A,CGGAGGA
LIN28A,TGGAGTA
LIN28A,CGGAGTA
LIN28A,AGGAGAT
LIN28A,TGGAGGG
LIN28A,TGGAGAA
LIN28A,CGGAGAA
LIN28A,AGGAGTA
LIN28A,TGGAGGA
LIN28A,AGGAGAA
LIN28A,CGGAGGG
MATR3,CATCTTG
MATR3,CATCTTA
MATR3,AATCTTA
MATR3,AATCTTG
MBNL1,CCCGCTTC
MBNL1,TCCGCTTT
MBNL1,CCGCTC
MBNL1,CTGCCA
MBNL1,ATGCTT
MBNL1,TTGCCG
MBNL1,TCTGCTTC
MBNL1,TTCGCTTC
MBNL1,TTTGCTGT
MBNL1,GCTTGC
MBNL1,TTGCCT
MBNL1,GCGCTT
MBNL1,ACGCTG
MBNL1,TGCT
MBNL1,TTCGCTTT
MBNL1,TTCGCTGC
MBNL1,CTGCCT
MBNL1,GTGCTC
MBNL1,CCTGCTTC
MBNL1,TCTGCTGT
MBNL1,CTCGCTTC
MBNL1,ATGCCG
MBNL1,CTGCCG
MBNL1,TTTGCTTC
MBNL1,CTCGCTGT
MBNL1,TTGCCA
MBNL1,CTCGCTTT
MBNL1,ACGCTC
MBNL1,TCGCTC
MBNL1,CTTGCTGC
MBNL1,CTCGCTGC
MBNL1,CCTGCTGC
MBNL1,CCGCTT
MBNL1,GTGCTG
MBNL1,TTGCTA
MBNL1,CTTGCTGT
MBNL1,TCCGCTGC
MBNL1,CGCC
MBNL1,ATGCCC
MBNL1,CTGCCC
MBNL1,CCCGCTGT
MBNL1,GCGCTTGTGC
MBNL1,CTTGCTTT
MBNL1,CTGCTC
MBNL1,TTTGCTTT
MBNL1,TCTGCTTT
MBNL1,GGCTTT
MBNL1,TGTCTCGCT
MBNL1,CGCTGCGGC
MBNL1,CCTGCTTT
MBNL1,TTGCTT
MBNL1,TCGCTT
MBNL1,GTGCTA
MBNL1,CCTGCTGT
MBNL1,CTTGCTTC
MBNL1,TCCGCTTC
MBNL1,CTGCTG
MBNL1,TTGCTG
MBNL1,CGCT
MBNL1,TCTGCTGC
MBNL1,CCCGCTGC
MBNL1,GCGCTC
MBNL1,CTGCTT
MBNL1,ACGCTA
MBNL1,TCGCTG
MBNL1,TCGCTA
MBNL1,TTGCTC
MBNL1,ATGCCA
MBNL1,CCGCTG
MBNL1,TTTGCTGC
MBNL1,CGCTTT
MBNL1,ATGCTC
MBNL1,TGCTGCTTTT
MBNL1,CCCGCTTT
MBNL1,TTGCCC
MBNL1,GTGCTT
MBNL1,GCGCTG
MBNL1,TGCC
MBNL1,CTGCTA
MBNL1,ACGCTT
MBNL1,TTCGCTGT
MBNL1,CCGCTA
MBNL1,TCCGCTGT
MSI1,TAGTAAG
MSI1,TAGGAAG
MSI1,TAGTTAG
MSI1,TAGGTGG
MSI1,TAGGTAG
MSI1,TAGTAGG
MSI1,TAGTTGG
MSI1,TAGGAGG
NELFE,CTCTGGTTAG
NELFE,TCTGGCTAAC
NELFE,GGTCTCTCTG
NONO,AGGGA
NONO,GAGAGGAAC
NOVA1,TTCAG
NOVA1,CAGTCAC
NOVA1,TCATTCATTCAT
NOVA1,TCAG
NOVA1,TCAT
NOVA1,CCAT
NOVA1,TCAC
NOVA1,TGTGT
NOVA1,GGGGGGG
NOVA1,TCACC
NOVA1,ACCACC
NOVA1,TTTTTTT
NOVA1,ATCATC
NOVA1,ATCAAC
NOVA1,CCAG
NOVA1,AACACC
NOVA1,TTCAT
NOVA1,CCCCCCC
NOVA1,ATCACC
NOVA1,TCAGTCAC
NOVA1,CCAC
NOVA1,AGCACC
NOVA1 ,TCAC
NOVA2,ATCAC
NOVA2,GAGTCAT
NOVA2,TCAT
NOVA2,ATCACC
NOVA2,TCAC
NOVA2,GAGGCAT
NOVA2,GGGGGGG
NOVA2,AACACC
NOVA2,GATCACC
NOVA2,ACCACC
NOVA2,TTTTTTT
NOVA2,GAGACAT
NOVA2,ATCAAC
NOVA2,CCTAGATCACC
NOVA2,ATCATC
NOVA2,AGCACC
NUDT21,TGTA
NUDT21,TTGTA
NXF1,AGAC
NXF1,CCTG
NXF1,AACCTG
OAS1,GCATAA
OAS1,TTGA
OAS1,AAAGC
PABPC1,ACGAATC
PABPC1,ACAAACA
PABPC1,ACTAATC
PABPC1,ACTAACA
PABPC1,ACAAACC
PABPC1,AAAAAAA
PABPC1,AAAAA
PABPC1,ACAAATC
PABPC1,ACGAATA
PABPC1,AAAAAAAA
PABPC1,ACGAACA
PABPC1,ACTAATA
PABPC1,AGAAAAC
PABPC1,ACTAACC
PABPC1,AGAAAAA
PABPC1,AAAAAAC
PABPC1,ACGAACC
PABPC1,ACAAATA
PABPC3,AAAAACA
PABPC3,GAAAACC
PABPC3,GAAAACA
PABPC3,AAAAACC
PABPC4,AAAAAAA
PABPC4,AAAAAAG
PABPC5,AGAAATT
PABPC5,AGAAAGT
PABPC5,AGAAAAT
PABPN1,AGAAGA
PABPN1,AAAAGA
PCBP1,ACATTAAA
PCBP1,TTAGGG
PCBP1,CCTTACC
PCBP1,CCATTCC
PCBP1,AAAAAAA
PCBP1,CCATTAAA
PCBP1,CCCCACCCTCTT
PCBP1,CCTTCCC
PCBP1,CCCTTAAA
PCBP1,CCATCCC
PCBP1,CCCTTCCC
PCBP1,TTTTTTT
PCBP1,TTAGAG
PCBP1,CCCTCCC
PCBP1,CCTAACC
PCBP1,CCTATCC
PCBP1,CCTTTCC
PCBP1,CCATACC
PCBP1,AAATTCCC
PCBP1,CCTACCC
PCBP1,CAATTAAA
PCBP1,AAATTCAC
PCBP1,AAACCAAA
PCBP1,AAATTACC
PCBP1,ACCTTAAA
PCBP1,TCCCCAA
PCBP1,CCAATCC
PCBP1,CCAACCC
PCBP1,GGGGGGG
PCBP1,TTAGGA
PCBP1,CCCCCCC
PCBP1,CCAAACC
PCBP1,AAATTCCA
PCBP2,TTTTTTT
PCBP2,CCCTCCA
PCBP2,TTAGAG
PCBP2,CCATTC
PCBP2,CCCCCCC
PCBP2,CCTCCCT
PCBP2,CCCCCCT
PCBP2,AAATTCAC
PCBP2,CTAACCCTAA
PCBP2,TTAGGA
PCBP2,CCTCCCA
PCBP2,CCCTTAAA
PCBP2,CCTTCCC
PCBP2,CCTTCCT
PCBP2,TCCCCA
PCBP2,CCCTAA
PCBP2,AAATTCCA
PCBP2,CCCTCCC
PCBP2,AAACCAAA
PCBP2,CCTCCCC
PCBP2,AAATTACC
PCBP2,ACCTTAAA
PCBP2,CCCCCCA
PCBP2,CCCT
PCBP2,CCCTTCCC
PCBP2,GGGGGGG
PCBP2,ACATTAAA
PCBP2,TTAGGG
PCBP2,CCTTCCA
PCBP2,CCATTAAA
PCBP2,AAATTCCC
PCBP2,CAATTAAA
PCBP2,CCCTCCT
PHAX,ATCG
PIWIL1,GCTT
PPIE,AAAAAA
PPIE,ATATTA
PPIE,TATTAT
PPIE,AAATTA
PPIE,TTTTAT
PPIE,ATAATA
PPIE,AATATT
PPIE,TAATTA
PPIE,ATTTTA
PPIE,TTTAAT
PPIE,ATTAAA
PPIE,TTATTA
PPIE,TAATAT
PPIE,AATAAA
PPIE,AATTTA
PPIE,ATTATA
PPIE,AAATTT
PPIE,TATATA
PPIE,TTTAAA
PPIE,ATTTAT
PPIE,TAAAAA
PPIE,TTTTAA
PPIE,TTTTTT
PPIE,AAAATT
PPIE,TAAATT
PPIE,ATATAA
PPIE,TAAATA
PPIE,TTAAAT
PPIE,TATTAA
PPIE,AAATAA
PPIE,TTAAAA
PPIE,AAAAAT
PPIE,TTATAA
PPIE,ATTTTT
PPIE,AAATAT
PPIE,ATTAAT
PPIE,TTATTT
PPIE,TAATAA
PPIE,AATAAT
PPIE,ATAAAT
PPIE,ATAATT
PPIE,ATATAT
PPIE,AATTTT
PPIE,ATTATT
PPIE,TATATT
PPIE,TTATAT
PPIE,TTAATT
PPIE,TATTTA
PPIE,TTTATA
PPIE,ATTTAA
PPIE,TAAAAT
PPIE,TTTTTA
PPIE,AAAATA
PPIE,ATAAAA
PPIE,AATTAA
PPIE,ATATTT
PPIE,TTAATA
PPIE,TATTTT
PPIE,AATATA
PPIE,TAATTT
PPIE,TATAAA
PPIE,TTTATT
PPIE,AATTAT
PPIE,TATAAT
PPRC1,CGGCGCG
PPRC1,CGGCGCC
PPRC1,GGGCGCG
PPRC1,GCGCGCC
PPRC1,CCGCGCG
PPRC1,GGGCGCC
PPRC1,GCGCGCG
PPRC1,CCGCGCC
PTBP1,CTGG
PTBP1,CCTTTCT
PTBP1,CTCCATCTT
PTBP1,TTACTTT
PTBP1,TCTTCTCTTC
PTBP1,CTAC
PTBP1,CTCTTA
PTBP1,CCTCA
PTBP1,TCTCTC
PTBP1,TTCTTC
PTBP1,TCTGG
PTBP1,CCTAT
PTBP1,CCTAC
PTBP1,CCTTTCCC
PTBP1,CCTTA
PTBP1,CTGC
PTBP1,CCTTTTT
PTBP1,ACTTTTT
PTBP1,TCTTCTCTCTT
PTBP1,TCTTA
PTBP1,TCTAC
PTBP1,GTCTTT
PTBP1,CCTCG
PTBP1,TTCTTTT
PTBP1,CTAG
PTBP1,ATTTTCT
PTBP1,CTTCTCTCT
PTBP1,TTTCTTT
PTBP1,CTCG
PTBP1,TCTCC
PTBP1,CTTTTTT
PTBP1,CTCTC
PTBP1,ACTTTCT
PTBP1,TCTGT
PTBP1,TCTAG
PTBP1,TCTCA
PTBP1,CCTGA
PTBP1,CTTTTCT
PTBP1,TCTCT
PTBP1,CTTA
PTBP1,TTATTTTTCCCC
PTBP1,CCTTCCTT
PTBP1,TCTTTCT
PTBP1,TCTAT
PTBP1,CTAA
PTBP1,CTCTTC
PTBP1,CCCCCCC
PTBP1,TCTGA
PTBP1,TTTTTTT
PTBP1,TCTTCTCT
PTBP1,TCTTTTT
PTBP1,CTTTCTT
PTBP1,CTCT
PTBP1,CCTGT
PTBP1,GGCTCCCCC
PTBP1,ATTTTTT
PTBP1,TTTTTCCC
PTBP1,TCTTG
PTBP1,CCTTT
PTBP1,CTCTTG
PTBP1,CCTCC
PTBP1,TCTCG
PTBP1,TCTATCT
PTBP1,TTCTTT
PTBP1,GTCTTA
PTBP1,TCTTT
PTBP1,CTCA
PTBP1,CCTAA
PTBP1,CCTCTTT
PTBP1,CCTTG
PTBP1,TAGCTGTG
PTBP1,CTGA
PTBP1,GGGGGGG
PTBP1,TCTTC
PTBP1,TCTAA
PTBP1,TCCTCTTC
PTBP1,CTCC
PTBP1,CTTG
PTBP1,TTTTTCT
PTBP1,CCTGG
PTBP1,CTTT
PTBP1,TCTT
PTBP1,CTAT
PTBP1,CTCTCT
PTBP1,TCTTCTT
PTBP1,CTGT
PTBP1,CTCTTT
PTBP1,CCTCT
PTBP1,TTCTTG
PTBP1,TCTGC
PTBP1,CCTTC
PTBP1,ATCTTC
PTBP1,CCTGC
PTBP1,CCTAG
PTBP1,TTCTCTTTTCT
PTBP1,CTTC
PTBP2,CTCTCT
PUM1,AATTGTACATAA
PUM1,TGTAAATA
PUM1,TGTATATA
PUM1,TGTCCAG
PUM1,TGTACATA
PUM1,TGTATAT
PUM1,TGTAGATA
PUM1,CCAGAATTGTA
PUM1,TTTAATGTT
PUM1,TGTACATC
PUM1,TGTAATATT
PUM1,CTTGTAGATAA
PUM1,TGTACAT
PUM2,TGTACATA
PUM2,TGTATATA
PUM2,TGTAGATA
PUM2,TGTACATC
PUM2,TGTAAATA
QKI,ACTAACA
QKI,ATCTAATCATAT
QKI,ACTAAC
QKI,ATTAAC
QKI,CTAAT
QKI,ATCTACTCATAT
QKI,ACTTAT
QKI,ACACACTAACCT
QKI,ACTAACG
QKI,ACTAACC
RALY,TTTTTTC
RALY,TTTTTTT
RALY,TTTTTTG
RBFOX1,AGCATGA
RBFOX1,AGCATG
RBFOX1,TGCATGA
RBFOX1,TGCATG
RBFOX1,TGCATGC
RBFOX1,AGCATGC
RBFOX1,TGCATGT
RBFOX2,TGCATG
RBM14,GCGCGCG
RBM14,GCGCGCC
RBM14,GCGCGGG
RBM14,GCGCGGC
RBM24,AGTGTGG
RBM24,TGAGTGT
RBM24,AGAGTGG
RBM24,AGAGTGT
RBM24,TGTGTGT
RBM24,AGTGTGA
RBM24,TGTGTGA
RBM24,TGAGTGG
RBM24,AGAGTGA
RBM24,AGTGTGT
RBM24,TGTGTGG
RBM24,TGAGTGA
RBM25,CGGGCA
RBM25,ATCGGGCA
RBM28,GAGTAGA
RBM28,GTGTAGG
RBM28,GTGTAGT
RBM28,GAGTAGG
RBM28,GTGTAGA
RBM28,GAGTAGT
RBM3,AATACGA
RBM3,AATACTA
RBM3,GAGACGA
RBM3,AAGACGA
RBM3,GATACGA
RBM3,GATACTA
RBM3,GAGACTA
RBM3,AAAACTA
RBM3,AAGACTA
RBM3,GAAACGA
RBM3,AAAACGA
RBM3,GAAACTA
RBM4,GCGCGGT
RBM4,CCTTCCTT
RBM4,GCGCGCG
RBM4,CGCGCGA
RBM4,TCCTTCTTG
RBM4,CGCGCGG
RBM4,GCGCGGG
RBM4,CCTCTTT
RBM41,TTACTTT
RBM41,ATACTTT
RBM41,TTACTTG
RBM41,TTACATG
RBM41,ATACATT
RBM41,ATACATG
RBM41,TTACATT
RBM41,ATACTTG
RBM42,AACTAAG
RBM42,AACTACG
RBM46,AATCATG
RBM46,GATGATG
RBM46,AATGATT
RBM46,GATCATA
RBM46,GATGAAA
RBM46,AATCAAT
RBM46,AATCATT
RBM46,GATGAAG
RBM46,AATGAAT
RBM46,GATCAAT
RBM46,GATCAAA
RBM46,AATGATA
RBM46,AATGAAG
RBM46,GATGAAT
RBM46,AATCATA
RBM46,GATGATA
RBM46,AATGATG
RBM46,AATCAAA
RBM46,GATGATT
RBM46,AATCAAG
RBM46,AATGAAA
RBM46,GATCAAG
RBM46,GATCATG
RBM46,GATCATT
RBM5,AGGTAA
RBM5,CAAGGGG
RBM5,GGGGGG
RBM5,GAAGGTG
RBM5,GGGGGGG
RBM5,GAAGGTA
RBM5,GAAGGAA
RBM5,GAGGGTG
RBM5,CCCCCCC
RBM5,CTCTTCTCT
RBM5,AAAAAAA
RBM5,GAAGGGG
RBM5,GAGGGAA
RBM5,GAGGGTA
RBM5,CAAGGAG
RBM5,GAAGGAG
RBM5,GGTGGT
RBM5,GAGGGAG
RBM6,AATCCAG
RBM6,TATCCAA
RBM6,AATCCAA
RBM6,TATCCAG
RBM6,CATCCAA
RBM6,CATCCAG
RBM8A,GTGCGCG
RBM8A,ACGCGCG
RBM8A,GCGCGCC
RBM8A,GTGCGCC
RBM8A,ACGCGCC
RBM8A,GCGCGCG
RBM8A,ATGCGCG
RBM8A,ATGCGCC
RBM8A,ACGCGCT
RBM8A,ATGCGCT
RBM8A,GCGCGCT
RBM8A,GTGCGCT
RBMS1,GATATAC
RBMS1,TATATAG
RBMS1,TATATAC
RBMS1,GATATAG
RBMS3,ATATATA
RBMS3,CATATA
RBMS3,CTATATA
RBMS3,CTATAGA
RBMS3,AATATA
RBMS3,CTATAGC
RBMS3,TATATA
RBMS3,ATATATC
RBMS3,ATATAGC
RBMS3,CTATATC
RBMS3,ATATAGA
RBMX,ACCAAA
RBMX,AAGAAGGAAGG
RBMX,AAGT
RBMX,AAGTGTT
RBMX,ATCCCC
RBMX,AAAAT
RBMX,ATCAAA
RBMX,AAGTAACAA
RBMX,TCAAA
RBMX,TAAGAC
RBMX,ATCCCA
RBMX,TCAAAA
RBMY1A1,ACAAGAC
RBMY1A1,CACAA
RBMY1A1,CTCAA
RC3H1,TCCCTTCTGTG
RC3H1,CCTTCTGTG
RC3H1,TTTC
RNASEL,AAAA
SAMD4A,GCTGGAC
SAMD4A,GCGGGCA
SAMD4A,GCTGGTC
SAMD4A,GCGGGAA
SAMD4A,GCGGGTA
SAMD4A,GCTGGCA
SAMD4A,GCTGGAA
SAMD4A,GCTGGTA
SAMD4A,GCGGGCC
SAMD4A,GCTGGCC
SAMD4A,GCGGGTC
SAMD4A,GCGGGAC
SART3,AAAAAAC
SART3,AAAAAAA
SART3,AGAAAAC
SART3,AGAAAAA
SF1,TACTAGC
SF1,ACAGTCA
SF1,TGCTGCC
SF1,TACGAAC
SF1,ACTTAT
SF1,TGCTGAC
SF1,TACTAAG
SF1,TATACTAACAA
SF1,TACTAAT
SF1,CACAGAC
SF1,TACTAAC
SF1,TACTGAC
SF1,TAGTAAC
SF1,ATACTAACAA
SF1,ATTAAC
SF1,GACTAAC
SFPQ,TTAATTT
SFPQ,GGTAAGAGC
SFPQ,TGGAGGAC
SFPQ,TAAGGGATC
SFPQ,TTGAAGCAA
SFPQ,GTAGTGT
SFPQ,TGGAGAGGAAC
SFPQ,TTTTTTT
SFPQ,TCTAAGGAA
SFPQ,AGAGGTA
SFPQ,TAGATCGGAA
SFPQ,GTGGTTT
SFPQ,TTGGTTT
SFPQ,GAAGGA
SFPQ,TTGATGT
SFPQ,GTAATGG
SFPQ,TTGGTGT
SFPQ,GTGGTTG
SFPQ,TTAGTTT
SFPQ,TTGGTGG
SFPQ,GGAGGAAC
SFPQ,TTAGTGG
SFPQ,GGACTGGGA
SFPQ,TTAATTG
SFPQ,GTAGTTT
SFPQ,TTAGTGT
SFPQ,TTGATGG
SFPQ,TTGGTTG
SFPQ,GTAATTT
SFPQ,GGGGGGGATC
SFPQ,GAAGAGGAA
SFPQ,TTAGTTG
SFPQ,TTAATGG
SFPQ,GTGATTG
SFPQ,TGCAGGCA
SFPQ,GTAGTTG
SFPQ,GAGAGGA
SFPQ,AAGGACC
SFPQ,GTGATTT
SFPQ,TGGAAGAAC
SFPQ,TTGATTT
SFPQ,AGAGGAA
SFPQ,GTAATGT
SFPQ,TAGGGGGAC
SFPQ,GTGATGG
SFPQ,TGGTCTGGAGC
SFPQ,GGAGGG
SFPQ,GTGGTGG
SFPQ,TTAATGT
SFPQ,TTGATTG
SFPQ,GTGATGT
SFPQ,GTAGTGG
SFPQ,GTAATTG
SFPQ,GTGGTGT
SFPQ,TAGAGAGG
SNRNP70,GTTCAAG
SNRNP70,GATCAAG
SNRNP70,AATCAAG
SNRNP70,ATTCAAG
SNRPA,ATGCACA
SNRPA,ATTGCACC
SNRPA,GTTACCTGCTA
SNRPA,GGGTATGCTG
SNRPA,ATGCACG
SNRPA,ATTGCAC
SNRPA,GAGCAGTAGTG
SNRPA,GATTCCTGCTA
SNRPA,TTGCACG
SNRPA,AGGAGAT
SNRPA,GAGCAGTAGGC
SNRPA,GTTTCCTGCTA
SNRPA,GAGCAGTAGGG
SNRPA,GATACCTGCTA
SNRPA,GAGCAGTAGTC
SNRPA,TTGCACA
SNRPB2,GTATTGCAGT
SRP14,CCTGT
SRP14,CGCCTGTAG
SRP14,GTGG
SRP19,TCGG
SRP19,CCTC
SRP19,GGAGC
SRP19,GAGC
SRP54,CCTC
SRP54,AGGT
SRP54,TCGG
SRP54,GGAGC
SRP68,GGAGC
SRP68,CCTC
SRP68,TCGG
SRP68,TGCTG
SRP68,CTAAG
SRP68,TAAG
SRSF1,TGGAGAA
SRSF1,CGACCGA
SRSF1,CGCGGGG
SRSF1,CGCGGAG
SRSF1,CGGTGCA
SRSF1,CGGGGCA
SRSF1,GGACGGG
SRSF1,CGCGGAC
SRSF1,CCACGGA
SRSF1,CCGGACG
SRSF1,CGCACGA
SRSF1,CCCCGCG
SRSF1,CGCTGCG
SRSF1,CAGCGGA
SRSF1,CGGACGA
SRSF1,AGGACAGAGC
SRSF1,GTGACAGAGC
SRSF1,GACAGGG
SRSF1,CCCGGCA
SRSF1,CCCGGGG
SRSF1,CCAACGA
SRSF1,CGGAGGA
SRSF1,TGGAGGT
SRSF1,CGGTCGG
SRSF1,CACAGGA
SRSF1,TCGCACA
SRSF1,CTACGAA
SRSF1,CGGTGCG
SRSF1,CGCCGGT
SRSF1,TGTAGGAC
SRSF1,AGGACC
SRSF1,CGGCCGG
SRSF1,CCAAGGA
SRSF1,TGAAGAT
SRSF1,CACCCGA
SRSF1,CCGAGCA
SRSF1,CGCCGGA
SRSF1,CGCCCGT
SRSF1,CGGGGGG
SRSF1,CGGTCGA
SRSF1,CGGCAGA
SRSF1,TCGGGCA
SRSF1,TGATGAAC
SRSF1,CGCGCGG
SRSF1,CCCTGGA
SRSF1,CAGCCGT
SRSF1,CCGAGGA
SRSF1,GAGCGGA
SRSF1,GATACGAAGC
SRSF1,CACACGA
SRSF1,TGGAGGC
SRSF1,TGAAGAAC
SRSF1,CGGCGCA
SRSF1,CGGAAGA
SRSF1,CGCGGCA
SRSF1,CCCTCCG
SRSF1,CGGACGAAGC
SRSF1,GAAGGAG
SRSF1,CACGGAC
SRSF1,GGACGGC
SRSF1,AAGAGGA
SRSF1,CGGACGT
SRSF1,CCATGGT
SRSF1,CCCAGCA
SRSF1,CGCAGCA
SRSF1,ATGACAGAGC
SRSF1,ACAAGGAC
SRSF1,TGGTGCC
SRSF1,CGACCCA
SRSF1,CAGCGGT
SRSF1,CCAACCC
SRSF1,CGCACCA
SRSF1,CGGCCCG
SRSF1,GGAGGAC
SRSF1,CTCGTGT
SRSF1,TGAAGCA
SRSF1,TGATGAC
SRSF1,CAGACGA
SRSF1,CCACGCT
SRSF1,CGATGGA
SRSF1,CGCCGTA
SRSF1,GGAGGA
SRSF1,CCGTGGA
SRSF1,CGGACCG
SRSF1,CCCCCCG
SRSF1,TGGAGCT
SRSF1,TGGTGAT
SRSF1,CTGAACA
SRSF1,CCGACGA
SRSF1,CCGGGGG
SRSF1,GGATGAAC
SRSF1,TGATGGC
SRSF1,CCTAGGG
SRSF1,CGCAGGT
SRSF1,CAGAGGT
SRSF1,GACCCGG
SRSF1,AGAAGAAC
SRSF1,CACAGCA
SRSF1,CCAATGG
SRSF1,CCCCCGA
SRSF1,TGAAGAC
SRSF1,AGAGGAAGGCGA
SRSF1,CCCTGCA
SRSF1,CCCGCGG
SRSF1,CAGCGGG
SRSF1,CGACGGA
SRSF1,GGAAGAAC
SRSF1,AGGAGA
SRSF1,CCCCCGG
SRSF1,CCAACCG
SRSF1,CGCTCGG
SRSF1,CGCACGT
SRSF1,CAGTCGG
SRSF1,CGAGCGG
SRSF1,AGGACA
SRSF1,CCCGGCG
SRSF1,GAAGAA
SRSF1,CACACGT
SRSF1,CAACCGG
SRSF1,TGGAGCC
SRSF1,CCGTCGA
SRSF1,CCCGGGA
SRSF1,CCAACCA
SRSF1,TGATGGT
SRSF1,CAGACAG
SRSF1,CGGAGGG
SRSF1,GAGGAAGAA
SRSF1,CCCGTTT
SRSF1,GAGGAAC
SRSF1,CCTCGGA
SRSF1,CCCGCCG
SRSF1,GCGAGCG
SRSF1,GGAGGAG
SRSF1,AGAAGGAC
SRSF1,TGGTGGC
SRSF1,GCGCGCA
SRSF1,CCGCCCA
SRSF1,CCGTCCG
SRSF1,CGCAGGA
SRSF1,CCCACCA
SRSF1,CCGAGCG
SRSF1,CGCGCCG
SRSF1,TGGTGAA
SRSF1,CGCCCGG
SRSF1,GAAGAAGAA
SRSF1,CGCGCGA
SRSF1,TGAAGGT
SRSF1,GCCGGAG
SRSF1,CGGCGCG
SRSF1,TTGACAGAGC
SRSF1,GGACGAG
SRSF1,GTGACGA
SRSF1,CGGAGCG
SRSF1,ACGCGAG
SRSF1,CGCCCCA
SRSF1,CCACAGA
SRSF1,CGGGGCG
SRSF1,CCGTCCA
SRSF1,CCCTCGA
SRSF1,CCCAGGA
SRSF1,ACGCGCG
SRSF1,CCCTGGG
SRSF1,CGCAGCG
SRSF1,AGGAGGAT
SRSF1,CGCTGCA
SRSF1,GGAAGAAG
SRSF1,GCCCACT
SRSF1,GGAATGAC
SRSF1,GACGAAC
SRSF1,CCGAGGG
SRSF1,CGGGGGA
SRSF1,CGCAGGG
SRSF1,CCCACCG
SRSF1,CACCGGA
SRSF1,CCCATGA
SRSF1,CGCAGGC
SRSF1,CCCCGGA
SRSF1,CAGAGGG
SRSF1,CCGGGCG
SRSF1,CCCACGA
SRSF1,CGCGTCA
SRSF1,CGCACGG
SRSF1,CGCGGAA
SRSF1,CCCTGCG
SRSF1,CGGTGGA
SRSF1,TTAATTTCAAGA
SRSF1,CCGACCG
SRSF1,CCGACGG
SRSF1,GAAGGA
SRSF1,CGGTCCA
SRSF1,CTCAGGT
SRSF1,CGCGGGA
SRSF1,CCCAGGG
SRSF1,GAGGAAGGTG
SRSF1,CCGCGCG
SRSF1,CGCGGCG
SRSF1,CGCGCAA
SRSF1,CGGGCCA
SRSF1,GACTGGA
SRSF1,GAGCGAG
SRSF1,CGGACAGAGC
SRSF1,CGGTGGG
SRSF1,CGGCGGG
SRSF1,GGACGAAT
SRSF1,CCGGGCA
SRSF1,GGACGAC
SRSF1,CCACTGG
SRSF1,TGGAGGA
SRSF1,CGGAGGT
SRSF1,GGGGGAA
SRSF1,CGACGCA
SRSF1,CCCTCCA
SRSF1,TGAAGGAC
SRSF1,CCGCGGA
SRSF1,CGCGCCC
SRSF1,CAGAGGA
SRSF1,CGGCCGA
SRSF1,CCCGCCA
SRSF1,AGGACTGAGC
SRSF1,CCGATGA
SRSF1,GGACAA
SRSF1,GGAGGAA
SRSF1,CCCAGCC
SRSF1,AGATGGAC
SRSF1,GGACGGA
SRSF1,CACCCGT
SRSF1,TGATGAA
SRSF1,CCGACAG
SRSF1,CGAAGCA
SRSF1,TGAAGCC
SRSF1,CTGACTA
SRSF1,ACGCGCC
SRSF1,CGCTCCA
SRSF1,GATGAAGAG
SRSF1,AGACAGAGAC
SRSF1,CGCGCCA
SRSF1,TGGAGAC
SRSF1,CTGAGTT
SRSF1,CCAACGC
SRSF1,TATTACGGAAT
SRSF1,CGGGCGA
SRSF1,CCCACGG
SRSF1,AAAGAAGAA
SRSF1,GAGACGA
SRSF1,CGAACCA
SRSF1,CACAGCG
SRSF1,CCGCGCA
SRSF1,TGATGAT
SRSF1,ATGACTGAGC
SRSF1,TGGTGCA
SRSF1,TGAAGAA
SRSF1,ACGCGCT
SRSF1,GGGGGAC
SRSF1,CACAGTG
SRSF1,AGGAGC
SRSF1,GGGGGAG
SRSF1,CGCCGCA
SRSF1,TGAAGCT
SRSF1,CGCTCGA
SRSF1,CCGGCGG
SRSF1,TGAACCA
SRSF1,CCGTGGG
SRSF1,CCACGCA
SRSF1,AGCGAGC
SRSF1,AAAAGAGAAG
SRSF1,TAGACAGAGC
SRSF1,CGGTCCG
SRSF1,GGAGGGC
SRSF1,CCCCCCA
SRSF1,CGAACGA
SRSF1,CCGTGCA
SRSF1,AGGACGACGC
SRSF1,TGGAGCA
SRSF1,TGATGCT
SRSF1,CTCCGGA
SRSF1,GGGACGT
SRSF1,TAGACAGAAC
SRSF1,CAGACAA
SRSF1,CGGGCCG
SRSF1,AGGAAAGACC
SRSF1,AGGAGGA
SRSF1,CGCTGGA
SRSF1,GAAAGGAGA
SRSF1,TGGAAAG
SRSF1,TGATGGAGA
SRSF1,TGGTGGA
SRSF1,CCAAGCA
SRSF1,CGCCGCG
SRSF1,AGGACGGAAC
SRSF1,CGCCGGG
SRSF1,CCCAGCG
SRSF1,CGAAGGA
SRSF1,GAGGAGGA
SRSF1,CGGAGCA
SRSF1,CGCACCG
SRSF1,CCCGCGA
SRSF1,CCCTGAC
SRSF1,GGCACGG
SRSF1,CCGCTAT
SRSF1,GGATAC
SRSF1,CCCGACT
SRSF1,GAAGGAC
SRSF1,GAGACAGAGC
SRSF1,CCCCGCA
SRSF1,TGGTGAC
SRSF1,CGGACGG
SRSF1,CCCTCGG
SRSF1,CCGGGGA
SRSF1,TGATGGA
SRSF1,CCGCGGG
SRSF1,CGGCACA
SRSF1,CCGCCGG
SRSF1,CGACGCG
SRSF1,CGGCGGT
SRSF1,CGGCGGA
SRSF1,AGAAGAGC
SRSF1,CGAAGGAC
SRSF1,CACAGGT
SRSF1,ACGCGCA
SRSF1,CCCCGAC
SRSF1,CCACCGA
SRSF1,CCGGCGA
SRSF1,TGGACAGAGC
SRSF1,GAAGAAGA
SRSF1,TGGTGCT
SRSF1,TGGTGGT
SRSF1,AACACGA
SRSF1,AAGGTG
SRSF1,GGAGGAAC
SRSF1,CACCGGT
SRSF1,CGGCCGT
SRSF1,CCGCCGA
SRSF1,CAGACAGAGC
SRSF1,CGCTCCG
SRSF1,CAGCCGA
SRSF1,GGAGGGA
SRSF1,GGAGGGG
SRSF1,GGAAAGAC
SRSF1,GGAACAGC
SRSF1,TGATGCA
SRSF1,CCGTCGG
SRSF1,TGAAGGA
SRSF1,CCGGCCA
SRSF1,TGATGCC
SRSF1,CCCCGGG
SRSF1,CCACCCA
SRSF1,TGGAGAT
SRSF1,CCGTGCG
SRSF1,AGAGCAGG
SRSF1,CGCCCCG
SRSF1,CGCCCGA
SRSF1,AGGAGAAC
SRSF1,CCGACCA
SRSF1,CGGCCCA
SRSF1,TGAAGGC
SRSF1,CGAGGCA
SRSF1,CGCGGTT
SRSF1,AGGAGGTAAC
SRSF1,CCGGCCG
SRSF1,ATGACAGAAC
SRSF1,CGGACCA
SRSF1,CGGGCGG
SRSF1,CAGACGT
SRSF1,AGGACGAAGC
SRSF1,GGACGAA
SRSF1,ACGCTCA
SRSF1,CCGCCCG
SRSF1,CGCTGGG
SRSF10,AGAGAAC
SRSF10,AGAGACC
SRSF10,AAAGGAG
SRSF10,AAAGGGG
SRSF10,AGAGGAG
SRSF10,AGAGAGG
SRSF10,AGAGACG
SRSF10,AAAGGGA
SRSF10,GAAAGAA
SRSF10,AGAGAGC
SRSF10,AGAGGGA
SRSF10,AAAGAGA
SRSF10,AAAGGAA
SRSF10,AAAGAGG
SRSF10,ACAAAGACAAA
SRSF10,AAAGACAAA
SRSF10,AGAGAAA
SRSF10,AAAGAAA
SRSF10,AGAGACA
SRSF10,GACAAA
SRSF10,AAAGAAG
SRSF10,AGAGGGG
SRSF10,AGAGAAG
SRSF10,AAAAGAA
SRSF10,AGAGGAA
SRSF10,AGAGAGA
SRSF10,AGACAA
SRSF11,AAGAAG
SRSF2,GTGCAGTAGGG
SRSF2,GAAGAAGA
SRSF2,GGCCCCTG
SRSF2,GGGTATGCCG
SRSF2,GGCCCCCA
SRSF2,GACCCGCA
SRSF2,GAGCAGTAGTC
SRSF2,GGGTAGGCTG
SRSF2,GATCCCTA
SRSF2,GAATACCG
SRSF2,AGGGTAT
SRSF2,CGCAGGT
SRSF2,GATTACTA
SRSF2,AGCAGAGGA
SRSF2,GGTTACCG
SRSF2,GATTACCA
SRSF2,GACCCCCA
SRSF2,GGCTGCAA
SRSF2,AAGCAGTAGTC
SRSF2,TGTTCCAGTT
SRSF2,AGCAGAGTA
SRSF2,GATTCCTGCTA
SRSF2,TCCAGT
SRSF2,AGGCGAGCA
SRSF2,GGGAGCC
SRSF2,TGTTCGAGAA
SRSF2,CGGAGAGAA
SRSF2,GACCACTA
SRSF2,GCTCGAGTA
SRSF2,GACTCCCA
SRSF2,GGCCCACA
SRSF2,AGGAGAG
SRSF2,CAGTAGA
SRSF2,TGCTGTT
SRSF2,GTCCCCTG
SRSF2,GTTTCGAG
SRSF2,AGCCGAGAA
SRSF2,TGTTCGAGTT
SRSF2,GATTCCCA
SRSF2,GTAACCAGCTA
SRSF2,GGCTACCA
SRSF2,GACCGGTG
SRSF2,GACCCCTA
SRSF2,CTAGACTAGA
SRSF2,AGATCC
SRSF2,GTCCTCCG
SRSF2,GGTCCCTA
SRSF2,GGCCCCTA
SRSF2,GACCCCCG
SRSF2,GATCACCG
SRSF2,AGCCCCCA
SRSF2,GAGGAGGA
SRSF2,GGGTATGCTG
SRSF2,GGCCGCAG
SRSF2,GGCCTCC
SRSF2,AGGAGAATA
SRSF2,GGATGGAG
SRSF2,GACTCCTG
SRSF2,GGTTACCA
SRSF2,TGTTCGAGAT
SRSF2,CAGAGGT
SRSF2,GATTCCAGCTA
SRSF2,GTTCCAGAT
SRSF2,TGCCGCC
SRSF2,GATCACTA
SRSF2,GAGCACTG
SRSF2,GATTCCTG
SRSF2,GGAGTT
SRSF2,GGTTACTG
SRSF2,GGTCACTG
SRSF2,AGGCGAGTA
SRSF2,GTTCTGTA
SRSF2,GGCTCCTA
SRSF2,AGTAG
SRSF2,GACCACTG
SRSF2,GGATCCGG
SRSF2,GGGAATGCTG
SRSF2,TGTTCCAGTG
SRSF2,GGCTACTG
SRSF2,GACTCCTA
SRSF2,GACCACCG
SRSF2,TGTTCGAGTA
SRSF2,GACGGAGTA
SRSF2,GGAGGA
SRSF2,GGTCGCCG
SRSF2,AGGCAGT
SRSF2,TGTTCCGGAT
SRSF2,GATCACTG
SRSF2,GGAGGAG
SRSF2,GGTCACTA
SRSF2,GACTACTA
SRSF2,GACTAGAA
SRSF2,GGTCCCCA
SRSF2,GGGTGAGCTG
SRSF2,GAAGAAGAA
SRSF2,AGGAGAT
SRSF2,GGTTCCAGAT
SRSF2,AGGAGGA
SRSF2,GATCCCCG
SRSF2,TGTTCCAGAA
SRSF2,AGGAGAATG
SRSF2,GACTCCCG
SRSF2,ATGAATGCTG
SRSF2,ACGAGAT
SRSF2,GGTTAATG
SRSF2,GGTTCCCA
SRSF2,TGCAGAGTG
SRSF2,GACCCCTG
SRSF2,GTTCCAGTT
SRSF2,GATTAGTG
SRSF2,GGTCAGTG
SRSF2,AGGAGTGAC
SRSF2,GTCTAACG
SRSF2,GATCCCCA
SRSF2,TGATCGAGTA
SRSF2,GGCCACTA
SRSF2,AGGCAGTAGTC
SRSF2,GGTTCCCG
SRSF2,TTAG
SRSF2,GATGGAGGA
SRSF2,TGCGGTC
SRSF2,GATCGCTG
SRSF2,GGCCACCA
SRSF2,GGCTCCCA
SRSF2,AGGAGAA
SRSF2,GGCTCGTG
SRSF2,GTATCCCGCTA
SRSF2,GGCTACTA
SRSF2,GGTCACCG
SRSF2,GGCTCCAA
SRSF2,AGTCGAT
SRSF2,GATTCCCT
SRSF2,CGCCCTTG
SRSF2,GGCCCCCG
SRSF2,AGAAGCGGA
SRSF2,GGCTGATG
SRSF2,GATTACCG
SRSF2,AAAAGAGAAG
SRSF2,ACGAGAGTT
SRSF2,TGATGGAGA
SRSF2,GGTTCCTG
SRSF2,GGGCAGTAGGG
SRSF2,CGCAGGG
SRSF2,AGTTCCAGGG
SRSF2,GGAGTG
SRSF2,AGGAGTATC
SRSF2,GGACGCTG
SRSF2,GGTGATGCGT
SRSF2,ACGAGAG
SRSF2,GATTCCTA
SRSF2,GGCCAAA
SRSF2,TGCCGTT
SRSF2,GAAAGGAGA
SRSF2,GGCCACTG
SRSF2,AGCTCCCA
SRSF2,GGGAATGCCG
SRSF2,GGCTCCCG
SRSF2,GATTGATG
SRSF2,AGCCTCAG
SRSF2,GTTCGAGTT
SRSF2,AGGAGATAA
SRSF2,GGTTACTA
SRSF2,GGGTACGCTG
SRSF2,TGTTCGTGCG
SRSF2,GGCCACCG
SRSF2,AAGCAGTAGGG
SRSF2,GACTACCG
SRSF2,AGCAGTGTT
SRSF2,TGGAGAT
SRSF2,GTTCGAGTG
SRSF2,TCGTAAGCTG
SRSF2,GTTCCAGGT
SRSF2,GTCCTCAG
SRSF2,GACCACCA
SRSF2,GACCCGG
SRSF2,GACTCAAG
SRSF2,GGTTGTTG
SRSF2,GAGCAGTAGGG
SRSF2,TCGAGAT
SRSF2,GGTCCCTG
SRSF2,GCGCAGTAGGG
SRSF2,GGACCGTA
SRSF2,AGTTCCAGCC
SRSF2,GGCTCCTG
SRSF2,GACCTGCG
SRSF2,GGTTCCTGTTA
SRSF2,GTTACCAGTCC
SRSF2,GATCCCTG
SRSF2,GATTCCCG
SRSF2,GAGGAG
SRSF2,GAGCAGTGGTC
SRSF2,GGTTCCTA
SRSF2,GTACGAGGA
SRSF2,GACTACTG
SRSF2,TGGCAGTAGGG
SRSF2,TGTTCCAGCT
SRSF2,GGAGAA
SRSF2,GGCTACCG
SRSF2,TGTTACTA
SRSF2,GGAACCAGCTA
SRSF2,AGGAGAGGT
SRSF2,GATTACTG
SRSF2,CGCTGCTA
SRSF2,AGGCGTGTT
SRSF2,CGAACGAGAT
SRSF2,AGAGGAAGGCGA
SRSF2,AGAGATGCTG
SRSF2,AGGAGCGTG
SRSF2,GGAGAG
SRSF2,GATCACCA
SRSF2,AGCGGAGAA
SRSF2,GTTACGTGTAA
SRSF2,GGACTGTA
SRSF2,GGGTAAGCTG
SRSF2,GGAGTA
SRSF2,TGTTCCAGAT
SRSF2,CGTGATGCTG
SRSF2,GGTTCCAGTT
SRSF2,AGCAGAGTT
SRSF2,GGTCCCCG
SRSF2,GACTACCA
SRSF2,AGGAGAGTA
SRSF2,GTTCGAGTA
SRSF2,GGTCACCA
SRSF2,TGGAGT
SRSF2,AGCAGAGAT
SRSF2,GCGCAGTAGTC
SRSF2,GATGATGCTG
SRSF2,GGAGAT
SRSF2,GGTTGGCG
SRSF2,GGAGGAC
SRSF3,TACTTCAA
SRSF3,ACTACGACG
SRSF3,TCATCGATA
SRSF3,CACTTCAT
SRSF3,ACATCGATT
SRSF3,CTACAAC
SRSF3,TCAACGATC
SRSF3,GATCAAC
SRSF3,TCATCGTTC
SRSF3,TCATCGCTT
SRSF3,TTCATCAC
SRSF3,TCTTCGATC
SRSF3,CATC
SRSF3,TTCTTCAA
SRSF3,CACCACCACC
SRSF3,TCAGAGATT
SRSF3,CTACAGC
SRSF3,TTACGAC
SRSF3,GACTTCAT
SRSF3,CATCAAC
SRSF3,CTCTTCAC
SRSF3,TCAACGATT
SRSF3,TTCTTCATCC
SRSF3,AACTTTAT
SRSF3,ACATCGACT
SRSF3,TGTCAAC
SRSF3,GATC
SRSF3,ATCTTCAC
SRSF3,ACTTCGACT
SRSF3,ACATCATCT
SRSF3,TTCTCCAA
SRSF3,CTACGAC
SRSF3,ACATCGTTC
SRSF3,TTCTTCAT
SRSF3,TCACAAC
SRSF3,ACTACGATC
SRSF3,TCATCGATC
SRSF3,CCTCTTCC
SRSF3,CTACAAA
SRSF3,CTTCAAC
SRSF3,CACATCAT
SRSF3,TCATCGACT
SRSF3,ACATTCAT
SRSF3,TACATCAC
SRSF3,CTACAAT
SRSF3,ACATCGCTT
SRSF3,GACTTCTT
SRSF3,ACATCGATC
SRSF3,CTTCAC
SRSF3,TCATC
SRSF3,CGATCGACT
SRSF3,CCTCGTCC
SRSF3,TCTTCAC
SRSF3,TATCAAC
SRSF3,TCATCGACA
SRSF3,CATCAT
SRSF3,CACTTCAG
SRSF3,TTCAC
SRSF3,TCAACGACT
SRSF3,CGCTTCAT
SRSF3,ATCTTCAT
SRSF3,ATCATCAT
SRSF3,CACTACAC
SRSF4,GAAGAAGA
SRSF4,GAGGAAGAA
SRSF5,TACAGA
SRSF5,CGCGGA
SRSF5,ACTGG
SRSF5,CACATA
SRSF5,CCGCAGG
SRSF5,AGAGG
SRSF5,TCTGG
SRSF5,CACGGC
SRSF5,ACACG
SRSF5,ACGGC
SRSF5,GCTGC
SRSF5,TACATA
SRSF5,TACGTA
SRSF5,TGCGGA
SRSF5,TACGGC
SRSF5,TACGGA
SRSF5,CACAGC
SRSF5,CGCAGA
SRSF5,TGCATC
SRSF5,GCAGC
SRSF5,GCAGG
SRSF5,ATAAAGG
SRSF5,TCCGC
SRSF5,CGCGTC
SRSF5,CGCGGC
SRSF5,TGCGGC
SRSF5,CACGGA
SRSF5,AAAGG
SRSF5,CACGTC
SRSF5,TACATC
SRSF5,TACAGC
SRSF5,CACGTA
SRSF5,TCGGG
SRSF5,CACATC
SRSF5,GAGGAAGAA
SRSF5,TGCATA
SRSF5,TGCAGC
SRSF5,TGCGTA
SRSF5,CGCATA
SRSF5,GAAGAAGA
SRSF5,TACGTC
SRSF5,CGCATC
SRSF5,CGCGTA
SRSF5,ACTGC
SRSF5,ACAGC
SRSF5,CGCAGC
SRSF5,TGCAGA
SRSF5,ACACC
SRSF5,ACCGC
SRSF5,TGCGTC
SRSF5,CACAGA
SRSF5,ACGGG
SRSF5,CAACAGC
SRSF5,ACAGG
SRSF6,GCCGGA
SRSF6,TCACAGG
SRSF6,GATCAACCTGGC
SRSF6,CTTCTGG
SRSF6,ATCGTA
SRSF6,TCTCAGG
SRSF6,TCACACG
SRSF6,CCACTCG
SRSF6,TACGTC
SRSF6,TGCGTA
SRSF6,CTACAGG
SRSF6,CTTCAGG
SRSF6,TTTCTGG
SRSF6,GAGGAAGAA
SRSF6,TTTCAGG
SRSF6,TCTCTCG
SRSF6,TCACTGG
SRSF6,ACCGTC
SRSF6,CCACTGG
SRSF6,TCCGGA
SRSF6,CCCGGC
SRSF6,GACGTC
SRSF6,TGCGTG
SRSF6,CTACACG
SRSF6,CCTCTGG
SRSF6,TGCGGC
SRSF6,AGCGGA
SRSF6,TCACTCG
SRSF6,CGCGTC
SRSF6,CCACAGG
SRSF6,CCTCACG
SRSF6,TGCGTC
SRSF6,CCACACG
SRSF6,CCTCTCG
SRSF6,TTTCACG
SRSF6,TCTCACG
SRSF6,CACGGA
SRSF6,CTACTCG
SRSF6,CTTCACG
SRSF6,TTACTCG
SRSF6,TTACAGG
SRSF6,TGTGGA
SRSF6,CCTCAGG
SRSF6,TTTCTCG
SRSF6,GCCGTC
SRSF6,TTACTGG
SRSF6,CTTCTCG
SRSF6,GAAGAAGA
SRSF6,ACCGGG
SRSF6,TTACACG
SRSF6,TCTCTGG
SRSF6,CTACTGG
SRSF7,TCGATTGAC
SRSF7,ACGATTGAC
SRSF7,ACGATAGAA
SRSF7,ACGAGACTA
SRSF7,CCGAGATCA
SRSF7,AAAGGACAAA
SRSF7,CCGAGATCT
SRSF7,TGGACAA
SRSF7,CTCTTCAC
SRSF7,AGAGGAAGGCGA
SRSF7,AGACGACGAC
SRSF7,ACGAGAGAC
SRSF7,GGACGACGA
SRSF7,CAGAGAGAC
SRSF7,ACGAGAGAT
SRSF7,ACGAATGAT
SRSF7,TCTCCG
SRSF7,AGACTACGAC
SRSF7,GAAGAAGAA
SRSF7,GACGACGAG
SRSF7,ACGAGATCA
SRSF7,TCAACA
SRSF7,TAGAGAGAC
SRSF7,ACTAGAGAC
SRSF7,TCGAGAGAT
SRSF7,ACGATAGAC
SRSF7,AGACGACGAT
SRSF7,ACGAGAGAA
SRSF7,TCTTCA
SRSF7,ACGACG
SRSF7,ACGATTGAT
SRSF7,CTGAGAGAC
SRSF7,AGACTACGAT
SRSF9,TGGAGGA
SRSF9,ATGAACG
SRSF9,AGGAGCG
SRSF9,AGCAG
SRSF9,TGGTGCA
SRSF9,TGATGCA
SRSF9,TGGAGCA
SRSF9,AGGAACA
SRSF9,GGAAGCA
SRSF9,TGGTGGA
SRSF9,AAGAC
SRSF9,AGGAGAG
SRSF9,CGGAG
SRSF9,AGGAA
SRSF9,TGAAGCA
SRSF9,AGGACCA
SRSF9,GGGAGCC
SRSF9,AGCAC
SRSF9,ATGAAAG
SRSF9,ATGACAG
SRSF9,GGAAGCC
SRSF9,GGGAGGC
SRSF9,GGAAGGC
SRSF9,GGATGCC
SRSF9,ACCAC
SRSF9,GGATGCA
SRSF9,TGATGGC
SRSF9,GGATGGA
SRSF9,CTGGATT
SRSF9,GGGTGGC
SRSF9,AGAAC
SRSF9,ATGACCA
SRSF9,TGGAGGC
SRSF9,AGGACCG
SRSF9,TGGTGCC
SRSF9,GGGAGGA
SRSF9,AGGAGCA
SRSF9,AGGAAAA
SRSF9,AGGCA
SRSF9,GGGTGCC
SRSF9,ATGACCG
SRSF9,AGGAT
SRSF9,TGGTGGC
SRSF9,TGAAGGA
SRSF9,GGGAGCA
SRSF9,ATGAACA
SRSF9,AGGAC
SRSF9,ATGAGAA
SRSF9,TGATGCC
SRSF9,TGAAGGC
SRSF9,CGGAC
SRSF9,AGGAGAA
SRSF9,AGGAG
SRSF9,TGATGGA
SRSF9,GGATGGC
SRSF9,ATGAAAA
SRSF9,ATGAGAG
SRSF9,AGGAAAG
SRSF9,AGGAACG
SRSF9,GGAAGGA
SRSF9,GGGTGCA
SRSF9,TGGAGCC
SRSF9,AGGACAA
SRSF9,TGGAC
SRSF9,CGGTG
SRSF9,AGGACAG
SRSF9,ATGAGCA
SRSF9,TGAAGCC
SRSF9,GGGTGGA
SRSF9,TGGAT
SRSF9,ATGACAA
SRSF9,ATGAGCG
SSB,TTTT
SSB,TGCTGTTTT
SSB,ATTT
SSB,TGCTG
SUPV3L1,CCGCCC
SYNCRIP,AAAAAAA
SYNCRIP,TTTTTTT
TARDBP,GAATGT
TARDBP,TGTGTGTG
TARDBP,GAATGA
TARDBP,GTTGTGC
TARDBP,TGTGTGTGTGTG
TARDBP,TGTGTG
TARDBP,GTGAATGA
TARDBP,TGTGTGTGTG
TARDBP,GAATGG
TIA1,CTTTTG
TIA1,ATTTTG
TIA1,TTTTTCT
TIA1,TTTTTTG
TIA1,ATTTTTC
TIA1,CTTTTC
TIA1,GTTTA
TIA1,GTTTTG
TIA1,GTTTTA
TIA1,GTTTTTTTTC
TIA1,CTTTC
TIA1,TTTTTCG
TIA1,ATTTC
TIA1,CTTC
TIA1,TTTTTGT
TIA1,CTTTG
TIA1,ATTTA
TIA1,GTTTTTC
TIA1,ATTC
TIA1,TTTTTTATTTT
TIA1,GTTTG
TIA1,TTTTTTT
TIA1,GTTTTTG
TIA1,CTTTTA
TIA1,GTTTTC
TIA1,CTTTA
TIA1,GTTTC
TIA1,TTCTCCTTTC
TIA1,TTTTTTTTT
TIA1,ATTTTC
TIA1,ATTTTTT
TIA1,CTTTTTC
TIA1,CTTTTTA
TIA1,TTTTTTC
TIA1,TTTTTGG
TIA1,ATTTTTG
TIAL1,CTTTA
TIAL1,CTTTC
TIAL1,CTTTTTA
TIAL1,CTTTTA
TIAL1,TTTTCAGTTTT
TIAL1,GTTTTTTTTG
TIAL1,GTTTTTC
TIAL1,ATTTTTTTC
TIAL1,TTTTAAATTTT
TIAL1,ATTTTC
TIAL1,GTTTTTG
TIAL1,CTTTG
TIAL1,ATTTTG
TIAL1,CTTTTTG
TIAL1,ATTTC
TIAL1,ATTTTA
TIAL1,GTTTC
TIAL1,ATTA
TIAL1,ATTTA
TIAL1,GTTTG
TIAL1,GTTTTTTTC
TIAL1,CTTTTTC
TIAL1,CTTTTC
TIAL1,CTTTTTTC
TIAL1,TTTTTTATTTT
TIAL1,CTTTTG
TIAL1,ATTTTTA
TIAL1,GTTTTC
TIAL1,ATTC
TRA2A,AGAAAGAAGAAA
TRA2A,GAAGAGGAAG
TRA2A,AAGAAGAAGAA
TRA2A,AAGAAGAA
TRA2A,AAGAA
TRA2B,AAGAAGAAGAA
TRA2B,AGAA
TRA2B,GAAGGA
TRA2B,GAAGAA
TRA2B,AAGAA
TRA2B,GAAAGAAT
TRA2B,GAAGAAGGAAA
TRA2B,AAGAAGAAG
TRA2B,AGAAC
TRA2B,GAAAGAAG
TRA2B,AGAAGGAAGG
TRA2B,AATAAGAAG
TRA2B,TCAAC
TRA2B,AAGAAGAA
TRA2B,AAGAAC
TRA2B,AAGAAG
TUT1,AAATACT
TUT1,CAATACT
TUT1,AGATACT
TUT1,CGATACT
U2AF2,TTTTTTT
U2AF2,TTTTT
U2AF2,TTTTTCC
U2AF2,TTTTTTC
XPO5,GTTT
XPO5,CCGC
YBX1,CATCTG
YBX1,AACATC
YBX1,AACATCA
YBX1,CCCTGCG
YBX1,CCTGCGG
YBX1,CAACCACACCAC
YBX1,GATC
YBX1,GCCTGCG
YBX1,CTGCGGT
YBX1,CACCACCACC
YBX1,TCCAGCAA
YBX1,CACC
YBX1,CATCGC
YBX1,CATCATC
YBX1,GGTCTGC
YBX1,CAACCACAA
YBX1,CATC
YBX1,AACATCG
YBX1,AACATCT
YBX1,ACAAC
YBX1,GATCTG
YBX2,AACAACA
YBX2,AACATCA
YBX2,AACATCG
YBX2,AACAACG
YBX2,AACATCT
YBX2,AACAACT
YTHDC1,GGCTAC
YTHDC1,GCGTGC
YTHDC1,TCATAC
YTHDC1,TAATGC
YTHDC1,TGCTGC
YTHDC1,TCGTGC
YTHDC1,TAGTGC
YTHDC1,TGATAC
YTHDC1,GAGTAC
YTHDC1,GGATGC
YTHDC1,GCATAC
YTHDC1,TCATGC
YTHDC1,GCCTGC
YTHDC1,GCATGC
YTHDC1,TCCTAC
YTHDC1,TGATGC
YTHDC1,GGGTGC
YTHDC1,GAATGC
YTHDC1,TCCTGC
YTHDC1,GGCTGC
YTHDC1,GCCTAC
YTHDC1,GACTAC
YTHDC1,TGGTAC
YTHDC1,GGGTAC
YTHDC1,TAATAC
YTHDC1,GACTGC
YTHDC1,TGCTAC
YTHDC1,TACTAC
YTHDC1,GAGTGC
YTHDC1,GGATAC
YTHDC1,TACTGC
YTHDC1,TAGTAC
YTHDC1,GCGTAC
YTHDC1,TGGTGC
YTHDC1,GAATAC
YTHDC1,TCGTAC
ZC3H10,GGAGCGC
ZC3H10,CGAGCGC
ZC3H10,CCAGCGA
ZC3H10,GCAGCGC
ZC3H10,GCAGCGA
ZC3H10,CCAGCGC
ZC3H10,GGAGCGA
ZC3H10,CGAGCGA
ZCRB1,GGTTTAA
ZCRB1,GAATTAA
ZCRB1,GACTTAA
ZCRB1,GGCTTAA
ZCRB1,GATTTAA
ZCRB1,GGATTAA
ZFP36,CCCTCT
ZFP36,ACCTGT
ZFP36,AAAAAAGAAAG
ZFP36,CCCTTC
ZFP36,CCCTCC
ZFP36,TCTTGC
ZFP36,TCTTTC
ZFP36,AATAAAGAAAG
ZFP36,TTGTGC
ZFP36,TTATTTAAT
ZFP36,ACCTTT
ZFP36,CCTTTC
ZFP36,CCTTGC
ZFP36,ATTTA
ZFP36,TCTTTT
ZFP36,ACCTTC
ZFP36,AACAAGGAAAG
ZFP36,TCCTTC
ZFP36,ACCTCT
ZFP36,AACAAATAAAG
ZFP36,CCCTTT
ZFP36,TCTTCT
ZFP36,TCCTCT
ZFP36,TCCTGC
ZFP36,TTGTGG
ZFP36,AACAAGTAAAG
ZFP36,CTTGT
ZFP36,AATAAACAAAG
ZFP36,TCTTCC
ZFP36,AAAAAGCAAAG
ZFP36,CCCTGT
ZFP36,ACTTTC
ZFP36,TTATTTATT
ZFP36,TCCTCC
ZFP36,AACAAGCAAAG
ZFP36,ACCTGC
ZFP36,AAAAAATAAAG
ZFP36,CCTTTT
ZFP36,ACTTTT
ZFP36,CCCTGC
ZFP36,AAAAAGGAAAG
ZFP36,ACCTCC
ZFP36,AACAAAGAAAG
ZFP36,CCTTGT
ZFP36,ACTTGT
ZFP36,TCTTGT
ZFP36,AAAAAGTAAAG
ZFP36,TTATTTAAA
ZFP36,CCTTCC
ZFP36,CCTTCT
ZFP36,AATAAATAAAG
ZFP36,ACTTGC
ZFP36,AACAAACAAAG
ZFP36,TCCTGT
ZFP36,ACTTCC
ZFP36,AATAA
ZFP36,ACTTCT
ZFP36,AATAAGGAAAG
ZFP36,AATAAGTAAAG
ZFP36,AAAAAACAAAG
ZFP36,TCCTTT
ZFP36,AATAAGCAAAG
ZFP36,TTATTTATA
ZFP36L2,TTATTTATT
ZNF346,GTGGT
ZNF346,CCACC
ZNF638,TGTTGGT
ZNF638,TGTTGTT
ZNF638,GGTTCTT
ZNF638,GGTTCGT
ZNF638,CGTTCTT
ZNF638,CGTTCGT
ZNF638,TGTTCTT
ZNF638,GGTTGTT
ZNF638,CGTTGTT
ZNF638,TGTTCGT
ZNF638,GGTTGGT
ZNF638,CGTTGGT
ZRANB2,AGGTAG
ZRANB2,CGGTAA
ZRANB2,AGGTCT
ZRANB2,AGGTAA
ZRANB2,GGGTGA
ZRANB2,GGGTAA
ZRANB2,GGTGGTGGT
ZRANB2,CGGTAT
ZRANB2,AGGTTA
ZRANB2,TGGTAA
ZRANB2,GGTAAAGGT
ZRANB2,AGGTTT
ZRANB2,GGTGGT
ZRANB2,AGGTAT
ZRANB2,CGGTAG
ZRANB2,AGGGAA
ZRANB2,CGGTCT
ZRANB2,AGGTAC
ZRANB2,GAGGTT